period,user_id,user_name,total_revenue,position
9/1/25,1502307,3bit,0.164934,1
9/1/25,1418561,nerualdraw,0.135828,2
9/1/25,382837,directedbydna,0.116424,3
9/1/25,424980,jheisecke,0.053361,4
9/1/25,1420845,danielazo,0.029106,5